{"initial_reset_timestamp": 57437.1083231, "timestamps": [57449.2131742, 57452.1124379, 57452.2226242, 57452.2607328], "episode_lengths": [627, 165, 138, 115], "episode_rewards": [-232.43175047520413, -15.66839444102537, -24.13170993923066, -50.71470136935034], "episode_types": ["t", "t", "t", "t", "t"]}