{"initial_reset_timestamp": 1661260201.8682017, "timestamps": [1661260203.1228466], "episode_lengths": [66], "episode_rewards": [-65.0], "episode_types": ["t"]}