{"initial_reset_timestamp": 1660977994.1343627, "timestamps": [1660977997.1193244, 1660977999.156009, 1660978000.1267388, 1660978001.602818, 1660978002.0318959], "episode_lengths": [441, 310, 162, 239, 77], "episode_rewards": [12.0, 9.0, 4.0, 7.0, 3.0], "episode_types": ["t", "t", "t", "t", "t"]}